"","group","Var1","Var2","r","adj.p","n","significant","label"
"1","BLCA","SBS1","Signature 1",0.04,0.799723520134986,102,0,"BLCA 
 (n=102)"
"2","BLCA","SBS2","Signature 1",0.01,0.932287918005115,93,0,"BLCA 
 (n=93)"
"3","BLCA","SBS3","Signature 1",0,0.932287918005115,8,0,"BLCA 
 (n=8)"
"4","BLCA","SBS4","Signature 1",0,1,0,NA,"BLCA 
 (n=0)"
"5","BLCA","SBS13","Signature 1",0.13,0.300068280702152,93,0,"BLCA 
 (n=93)"
"6","BLCA","SBS15","Signature 1",0,1,1,NA,"BLCA 
 (n=1)"
"7","BLCA","SBS20","Signature 1",0,1,0,NA,"BLCA 
 (n=0)"
"8","BLCA","SBS44","Signature 1",0,1,0,NA,"BLCA 
 (n=0)"
"9","BLCA","SBS1","Signature 2",0.17,0.0725317089016427,137,0,"BLCA 
 (n=137)"
"10","BLCA","SBS2","Signature 2",0.41,4.01670356664466e-06,127,1,"BLCA 
 (n=127)"
"11","BLCA","SBS3","Signature 2",0,0.434556882596281,15,0,"BLCA 
 (n=15)"
"12","BLCA","SBS4","Signature 2",0,1,0,NA,"BLCA 
 (n=0)"
"13","BLCA","SBS13","Signature 2",0.47,1.12404313636568e-07,126,1,"BLCA 
 (n=126)"
"14","BLCA","SBS15","Signature 2",0,1,1,NA,"BLCA 
 (n=1)"
"15","BLCA","SBS20","Signature 2",0,1,0,NA,"BLCA 
 (n=0)"
"16","BLCA","SBS44","Signature 2",0,1,0,NA,"BLCA 
 (n=0)"
"17","BLCA","SBS1","Signature 3",0.34,1.14581432594111e-05,174,1,"BLCA 
 (n=174)"
"18","BLCA","SBS2","Signature 3",0.73,7.68983772323682e-28,163,1,"BLCA 
 (n=163)"
"19","BLCA","SBS3","Signature 3",0,0.00736640876825693,17,1,"BLCA 
 (n=17)"
"20","BLCA","SBS4","Signature 3",0,1,0,NA,"BLCA 
 (n=0)"
"21","BLCA","SBS13","Signature 3",0.75,1.71066852570091e-29,161,1,"BLCA 
 (n=161)"
"22","BLCA","SBS15","Signature 3",0,1,1,NA,"BLCA 
 (n=1)"
"23","BLCA","SBS20","Signature 3",0,1,0,NA,"BLCA 
 (n=0)"
"24","BLCA","SBS44","Signature 3",0,1,0,NA,"BLCA 
 (n=0)"
"25","BLCA","SBS1","Signature 4",0.38,3.49149267928222e-07,178,1,"BLCA 
 (n=178)"
"26","BLCA","SBS2","Signature 4",0.77,1.25324161501038e-32,168,1,"BLCA 
 (n=168)"
"27","BLCA","SBS3","Signature 4",0,0.00474635579413828,19,1,"BLCA 
 (n=19)"
"28","BLCA","SBS4","Signature 4",0,1,0,NA,"BLCA 
 (n=0)"
"29","BLCA","SBS13","Signature 4",0.68,1.30348026923662e-23,166,1,"BLCA 
 (n=166)"
"30","BLCA","SBS15","Signature 4",0,1,1,NA,"BLCA 
 (n=1)"
"31","BLCA","SBS20","Signature 4",0,1,0,NA,"BLCA 
 (n=0)"
"32","BLCA","SBS44","Signature 4",0,1,0,NA,"BLCA 
 (n=0)"
"33","BRCA","SBS1","Signature 1",-0.05,0.367504003212152,391,0,"BRCA 
 (n=391)"
"34","BRCA","SBS2","Signature 1",0.23,0.000828581554729871,234,1,"BRCA 
 (n=234)"
"35","BRCA","SBS3","Signature 1",-0.01,0.924352175191202,144,0,"BRCA 
 (n=144)"
"36","BRCA","SBS4","Signature 1",0,1,0,NA,"BRCA 
 (n=0)"
"37","BRCA","SBS13","Signature 1",0.26,0.00022599655086266,210,1,"BRCA 
 (n=210)"
"38","BRCA","SBS15","Signature 1",0,0.0640750280193664,10,0,"BRCA 
 (n=10)"
"39","BRCA","SBS20","Signature 1",0,1,1,NA,"BRCA 
 (n=1)"
"40","BRCA","SBS44","Signature 1",0,0.469202662746925,5,0,"BRCA 
 (n=5)"
"41","BRCA","SBS1","Signature 2",0.07,0.178707783853753,512,0,"BRCA 
 (n=512)"
"42","BRCA","SBS2","Signature 2",0.29,8.32604378818989e-07,305,1,"BRCA 
 (n=305)"
"43","BRCA","SBS3","Signature 2",0.31,6.25140357618942e-05,170,1,"BRCA 
 (n=170)"
"44","BRCA","SBS4","Signature 2",0,1,0,NA,"BRCA 
 (n=0)"
"45","BRCA","SBS13","Signature 2",0.32,6.11187585004713e-08,283,1,"BRCA 
 (n=283)"
"46","BRCA","SBS15","Signature 2",0,0.511067055393586,12,0,"BRCA 
 (n=12)"
"47","BRCA","SBS20","Signature 2",0,1,1,NA,"BRCA 
 (n=1)"
"48","BRCA","SBS44","Signature 2",0,0.265581747351794,5,0,"BRCA 
 (n=5)"
"49","BRCA","SBS1","Signature 3",0.28,4.6658194303272e-11,566,1,"BRCA 
 (n=566)"
"50","BRCA","SBS2","Signature 3",0.43,4.90717373354521e-16,346,1,"BRCA 
 (n=346)"
"51","BRCA","SBS3","Signature 3",0.63,3.5694593810904e-22,194,1,"BRCA 
 (n=194)"
"52","BRCA","SBS4","Signature 3",0,1,0,NA,"BRCA 
 (n=0)"
"53","BRCA","SBS13","Signature 3",0.59,1.15340167905982e-29,318,1,"BRCA 
 (n=318)"
"54","BRCA","SBS15","Signature 3",0,0.327762759103308,14,0,"BRCA 
 (n=14)"
"55","BRCA","SBS20","Signature 3",0,1,1,NA,"BRCA 
 (n=1)"
"56","BRCA","SBS44","Signature 3",0,0.511067055393586,6,0,"BRCA 
 (n=6)"
"57","BRCA","SBS1","Signature 4",0.28,5.85213483311066e-12,595,1,"BRCA 
 (n=595)"
"58","BRCA","SBS2","Signature 4",0.37,6.62060714912047e-13,364,1,"BRCA 
 (n=364)"
"59","BRCA","SBS3","Signature 4",0.66,2.34013568068552e-26,206,1,"BRCA 
 (n=206)"
"60","BRCA","SBS4","Signature 4",0,1,0,NA,"BRCA 
 (n=0)"
"61","BRCA","SBS13","Signature 4",0.54,1.06938721065263e-25,335,1,"BRCA 
 (n=335)"
"62","BRCA","SBS15","Signature 4",0,0.924352175191202,18,0,"BRCA 
 (n=18)"
"63","BRCA","SBS20","Signature 4",0,1,1,NA,"BRCA 
 (n=1)"
"64","BRCA","SBS44","Signature 4",0,0,6,1,"BRCA 
 (n=6)"
"65","COADREAD","SBS1","Signature 1",0.35,2.22255294268267e-06,202,1,"COADREAD 
 (n=202)"
"66","COADREAD","SBS2","Signature 1",0,0.0047525682231985,20,1,"COADREAD 
 (n=20)"
"67","COADREAD","SBS3","Signature 1",0,1,5,0,"COADREAD 
 (n=5)"
"68","COADREAD","SBS4","Signature 1",0,1,0,NA,"COADREAD 
 (n=0)"
"69","COADREAD","SBS13","Signature 1",0,0.0128891536096228,16,1,"COADREAD 
 (n=16)"
"70","COADREAD","SBS15","Signature 1",0,0.114524488204836,20,0,"COADREAD 
 (n=20)"
"71","COADREAD","SBS20","Signature 1",0,0.10358322930202,8,0,"COADREAD 
 (n=8)"
"72","COADREAD","SBS44","Signature 1",0,0.818394011092089,18,0,"COADREAD 
 (n=18)"
"73","COADREAD","SBS1","Signature 2",0.33,4.57805948812569e-06,216,1,"COADREAD 
 (n=216)"
"74","COADREAD","SBS2","Signature 2",0,0.113413431713205,19,0,"COADREAD 
 (n=19)"
"75","COADREAD","SBS3","Signature 2",0,0.379675973153725,5,0,"COADREAD 
 (n=5)"
"76","COADREAD","SBS4","Signature 2",0,1,0,NA,"COADREAD 
 (n=0)"
"77","COADREAD","SBS13","Signature 2",0,0.121883158373002,16,0,"COADREAD 
 (n=16)"
"78","COADREAD","SBS15","Signature 2",0,0.0980936424674016,19,0,"COADREAD 
 (n=19)"
"79","COADREAD","SBS20","Signature 2",0,0.10358322930202,8,0,"COADREAD 
 (n=8)"
"80","COADREAD","SBS44","Signature 2",0,0.288254388930972,15,0,"COADREAD 
 (n=15)"
"81","COADREAD","SBS1","Signature 3",0.49,1.7086860892244e-14,232,1,"COADREAD 
 (n=232)"
"82","COADREAD","SBS2","Signature 3",0,0.836884300181518,24,0,"COADREAD 
 (n=24)"
"83","COADREAD","SBS3","Signature 3",0,1,4,0,"COADREAD 
 (n=4)"
"84","COADREAD","SBS4","Signature 3",0,1,0,NA,"COADREAD 
 (n=0)"
"85","COADREAD","SBS13","Signature 3",0,1,21,0,"COADREAD 
 (n=21)"
"86","COADREAD","SBS15","Signature 3",0,1.86735032424781e-05,20,1,"COADREAD 
 (n=20)"
"87","COADREAD","SBS20","Signature 3",0,0.0479713819269448,8,1,"COADREAD 
 (n=8)"
"88","COADREAD","SBS44","Signature 3",0,0.189854475377512,15,0,"COADREAD 
 (n=15)"
"89","COADREAD","SBS1","Signature 4",0.6,4.70737313536597e-24,248,1,"COADREAD 
 (n=248)"
"90","COADREAD","SBS2","Signature 4",0,0.513947702655497,24,0,"COADREAD 
 (n=24)"
"91","COADREAD","SBS3","Signature 4",0,0.230152524167562,6,0,"COADREAD 
 (n=6)"
"92","COADREAD","SBS4","Signature 4",0,1,0,NA,"COADREAD 
 (n=0)"
"93","COADREAD","SBS13","Signature 4",0,0.689703672607115,22,0,"COADREAD 
 (n=22)"
"94","COADREAD","SBS15","Signature 4",0,0.00148756614051219,21,1,"COADREAD 
 (n=21)"
"95","COADREAD","SBS20","Signature 4",0,0.0980936424674016,7,0,"COADREAD 
 (n=7)"
"96","COADREAD","SBS44","Signature 4",0,0.230152524167562,16,0,"COADREAD 
 (n=16)"
"97","GBM","SBS1","Signature 1",-0.04,0.666666666666667,190,0,"GBM 
 (n=190)"
"98","GBM","SBS2","Signature 1",0,0,3,1,"GBM 
 (n=3)"
"99","GBM","SBS3","Signature 1",0,1,0,NA,"GBM 
 (n=0)"
"100","GBM","SBS4","Signature 1",0,1,0,NA,"GBM 
 (n=0)"
"101","GBM","SBS13","Signature 1",0,1,2,NA,"GBM 
 (n=2)"
"102","GBM","SBS15","Signature 1",0,0.666666666666667,3,0,"GBM 
 (n=3)"
"103","GBM","SBS20","Signature 1",0,1,0,NA,"GBM 
 (n=0)"
"104","GBM","SBS44","Signature 1",0,1,0,NA,"GBM 
 (n=0)"
"105","GBM","SBS1","Signature 2",-0.12,0.23961914382267,179,0,"GBM 
 (n=179)"
"106","GBM","SBS2","Signature 2",0,0.666666666666667,3,0,"GBM 
 (n=3)"
"107","GBM","SBS3","Signature 2",0,1,0,NA,"GBM 
 (n=0)"
"108","GBM","SBS4","Signature 2",0,1,0,NA,"GBM 
 (n=0)"
"109","GBM","SBS13","Signature 2",0,1,1,NA,"GBM 
 (n=1)"
"110","GBM","SBS15","Signature 2",0,1,2,NA,"GBM 
 (n=2)"
"111","GBM","SBS20","Signature 2",0,1,0,NA,"GBM 
 (n=0)"
"112","GBM","SBS44","Signature 2",0,1,0,NA,"GBM 
 (n=0)"
"113","GBM","SBS1","Signature 3",0.09,0.454961011641328,194,0,"GBM 
 (n=194)"
"114","GBM","SBS2","Signature 3",0,0.666666666666667,3,0,"GBM 
 (n=3)"
"115","GBM","SBS3","Signature 3",0,1,0,NA,"GBM 
 (n=0)"
"116","GBM","SBS4","Signature 3",0,1,0,NA,"GBM 
 (n=0)"
"117","GBM","SBS13","Signature 3",0,1,2,NA,"GBM 
 (n=2)"
"118","GBM","SBS15","Signature 3",0,0.666666666666667,3,0,"GBM 
 (n=3)"
"119","GBM","SBS20","Signature 3",0,1,0,NA,"GBM 
 (n=0)"
"120","GBM","SBS44","Signature 3",0,1,0,NA,"GBM 
 (n=0)"
"121","GBM","SBS1","Signature 4",0.56,1.58427866668169e-20,236,1,"GBM 
 (n=236)"
"122","GBM","SBS2","Signature 4",0,0,3,1,"GBM 
 (n=3)"
"123","GBM","SBS3","Signature 4",0,1,0,NA,"GBM 
 (n=0)"
"124","GBM","SBS4","Signature 4",0,1,0,NA,"GBM 
 (n=0)"
"125","GBM","SBS13","Signature 4",0,1,2,NA,"GBM 
 (n=2)"
"126","GBM","SBS15","Signature 4",0,1,2,NA,"GBM 
 (n=2)"
"127","GBM","SBS20","Signature 4",0,1,0,NA,"GBM 
 (n=0)"
"128","GBM","SBS44","Signature 4",0,1,0,NA,"GBM 
 (n=0)"
"129","HNSC","SBS1","Signature 1",-0.03,0.8,121,0,"HNSC 
 (n=121)"
"130","HNSC","SBS2","Signature 1",0.24,0.0485078168057885,89,1,"HNSC 
 (n=89)"
"131","HNSC","SBS3","Signature 1",0,1,0,NA,"HNSC 
 (n=0)"
"132","HNSC","SBS4","Signature 1",0,0.8,4,0,"HNSC 
 (n=4)"
"133","HNSC","SBS13","Signature 1",0.16,0.179310631545244,91,0,"HNSC 
 (n=91)"
"134","HNSC","SBS15","Signature 1",0,1,2,NA,"HNSC 
 (n=2)"
"135","HNSC","SBS20","Signature 1",0,1,0,NA,"HNSC 
 (n=0)"
"136","HNSC","SBS44","Signature 1",0,1,2,NA,"HNSC 
 (n=2)"
"137","HNSC","SBS1","Signature 2",0.04,0.75,189,0,"HNSC 
 (n=189)"
"138","HNSC","SBS2","Signature 2",0.24,0.00912404897297867,142,1,"HNSC 
 (n=142)"
"139","HNSC","SBS3","Signature 2",0,1,0,NA,"HNSC 
 (n=0)"
"140","HNSC","SBS4","Signature 2",0,0.75,3,0,"HNSC 
 (n=3)"
"141","HNSC","SBS13","Signature 2",0.29,0.00129244909629507,143,1,"HNSC 
 (n=143)"
"142","HNSC","SBS15","Signature 2",0,0.75,3,0,"HNSC 
 (n=3)"
"143","HNSC","SBS20","Signature 2",0,1,0,NA,"HNSC 
 (n=0)"
"144","HNSC","SBS44","Signature 2",0,1,2,NA,"HNSC 
 (n=2)"
"145","HNSC","SBS1","Signature 3",0.13,0.0771705836625555,238,0,"HNSC 
 (n=238)"
"146","HNSC","SBS2","Signature 3",0.57,3.35360266125905e-15,178,1,"HNSC 
 (n=178)"
"147","HNSC","SBS3","Signature 3",0,1,0,NA,"HNSC 
 (n=0)"
"148","HNSC","SBS4","Signature 3",0,0.0216628306321046,9,1,"HNSC 
 (n=9)"
"149","HNSC","SBS13","Signature 3",0.56,5.20916078076678e-15,180,1,"HNSC 
 (n=180)"
"150","HNSC","SBS15","Signature 3",0,1,1,NA,"HNSC 
 (n=1)"
"151","HNSC","SBS20","Signature 3",0,1,0,NA,"HNSC 
 (n=0)"
"152","HNSC","SBS44","Signature 3",0,1,1,NA,"HNSC 
 (n=1)"
"153","HNSC","SBS1","Signature 4",0.11,0.147452094338082,243,0,"HNSC 
 (n=243)"
"154","HNSC","SBS2","Signature 4",0.54,1.27833136560986e-14,182,1,"HNSC 
 (n=182)"
"155","HNSC","SBS3","Signature 4",0,1,0,NA,"HNSC 
 (n=0)"
"156","HNSC","SBS4","Signature 4",0,0.000849239323773893,9,1,"HNSC 
 (n=9)"
"157","HNSC","SBS13","Signature 4",0.53,4.67525032256612e-14,184,1,"HNSC 
 (n=184)"
"158","HNSC","SBS15","Signature 4",0,0.75,3,0,"HNSC 
 (n=3)"
"159","HNSC","SBS20","Signature 4",0,1,0,NA,"HNSC 
 (n=0)"
"160","HNSC","SBS44","Signature 4",0,1,1,NA,"HNSC 
 (n=1)"
"161","KIRC","SBS1","Signature 1",0.32,0.000327173544655128,172,1,"KIRC 
 (n=172)"
"162","KIRC","SBS2","Signature 1",0,1,2,NA,"KIRC 
 (n=2)"
"163","KIRC","SBS3","Signature 1",0,1,0,NA,"KIRC 
 (n=0)"
"164","KIRC","SBS4","Signature 1",0,1,0,NA,"KIRC 
 (n=0)"
"165","KIRC","SBS13","Signature 1",0,1,0,NA,"KIRC 
 (n=0)"
"166","KIRC","SBS15","Signature 1",0,0.900474846520431,7,0,"KIRC 
 (n=7)"
"167","KIRC","SBS20","Signature 1",0,0.769230769230769,3,0,"KIRC 
 (n=3)"
"168","KIRC","SBS44","Signature 1",0,1,0,NA,"KIRC 
 (n=0)"
"169","KIRC","SBS1","Signature 2",0.09,0.497215881217193,163,0,"KIRC 
 (n=163)"
"170","KIRC","SBS2","Signature 2",0,0.769230769230769,3,0,"KIRC 
 (n=3)"
"171","KIRC","SBS3","Signature 2",0,1,0,NA,"KIRC 
 (n=0)"
"172","KIRC","SBS4","Signature 2",0,1,0,NA,"KIRC 
 (n=0)"
"173","KIRC","SBS13","Signature 2",0,1,0,NA,"KIRC 
 (n=0)"
"174","KIRC","SBS15","Signature 2",0,0.63084692356266,7,0,"KIRC 
 (n=7)"
"175","KIRC","SBS20","Signature 2",0,1,3,0,"KIRC 
 (n=3)"
"176","KIRC","SBS44","Signature 2",0,1,0,NA,"KIRC 
 (n=0)"
"177","KIRC","SBS1","Signature 3",0.16,0.0805696686279228,198,0,"KIRC 
 (n=198)"
"178","KIRC","SBS2","Signature 3",0,0.769230769230769,3,0,"KIRC 
 (n=3)"
"179","KIRC","SBS3","Signature 3",0,1,0,NA,"KIRC 
 (n=0)"
"180","KIRC","SBS4","Signature 3",0,1,0,NA,"KIRC 
 (n=0)"
"181","KIRC","SBS13","Signature 3",0,1,0,NA,"KIRC 
 (n=0)"
"182","KIRC","SBS15","Signature 3",0,0.0317403417577847,8,1,"KIRC 
 (n=8)"
"183","KIRC","SBS20","Signature 3",0,0.128291754873715,4,0,"KIRC 
 (n=4)"
"184","KIRC","SBS44","Signature 3",0,1,1,NA,"KIRC 
 (n=1)"
"185","KIRC","SBS1","Signature 4",0.19,0.0317403417577847,205,1,"KIRC 
 (n=205)"
"186","KIRC","SBS2","Signature 4",0,0.769230769230769,3,0,"KIRC 
 (n=3)"
"187","KIRC","SBS3","Signature 4",0,1,0,NA,"KIRC 
 (n=0)"
"188","KIRC","SBS4","Signature 4",0,1,0,NA,"KIRC 
 (n=0)"
"189","KIRC","SBS13","Signature 4",0,1,0,NA,"KIRC 
 (n=0)"
"190","KIRC","SBS15","Signature 4",0,0.534091556263081,8,0,"KIRC 
 (n=8)"
"191","KIRC","SBS20","Signature 4",0,0.128291754873715,4,0,"KIRC 
 (n=4)"
"192","KIRC","SBS44","Signature 4",0,1,1,NA,"KIRC 
 (n=1)"
"193","KIRP","SBS1","Signature 1",0.18,0.395575615580051,65,0,"KIRP 
 (n=65)"
"194","KIRP","SBS2","Signature 1",0.18,0.395575615580051,48,0,"KIRP 
 (n=48)"
"195","KIRP","SBS3","Signature 1",0,0.688133966548215,5,0,"KIRP 
 (n=5)"
"196","KIRP","SBS4","Signature 1",0,1,0,NA,"KIRP 
 (n=0)"
"197","KIRP","SBS13","Signature 1",0,0.987163098630511,41,0,"KIRP 
 (n=41)"
"198","KIRP","SBS15","Signature 1",0,1,1,NA,"KIRP 
 (n=1)"
"199","KIRP","SBS20","Signature 1",0,1,1,NA,"KIRP 
 (n=1)"
"200","KIRP","SBS44","Signature 1",0,1,0,NA,"KIRP 
 (n=0)"
"201","KIRP","SBS1","Signature 2",0.27,0.395575615580051,50,0,"KIRP 
 (n=50)"
"202","KIRP","SBS2","Signature 2",0.13,0.688133966548215,34,0,"KIRP 
 (n=34)"
"203","KIRP","SBS3","Signature 2",0,1,0,NA,"KIRP 
 (n=0)"
"204","KIRP","SBS4","Signature 2",0,1,0,NA,"KIRP 
 (n=0)"
"205","KIRP","SBS13","Signature 2",0.03,0.917053259557773,31,0,"KIRP 
 (n=31)"
"206","KIRP","SBS15","Signature 2",0,1,1,NA,"KIRP 
 (n=1)"
"207","KIRP","SBS20","Signature 2",0,1,0,NA,"KIRP 
 (n=0)"
"208","KIRP","SBS44","Signature 2",0,1,0,NA,"KIRP 
 (n=0)"
"209","KIRP","SBS1","Signature 3",-0.19,0.395575615580051,79,0,"KIRP 
 (n=79)"
"210","KIRP","SBS2","Signature 3",0.03,0.917053259557773,47,0,"KIRP 
 (n=47)"
"211","KIRP","SBS3","Signature 3",0,0.395575615580051,4,0,"KIRP 
 (n=4)"
"212","KIRP","SBS4","Signature 3",0,1,0,NA,"KIRP 
 (n=0)"
"213","KIRP","SBS13","Signature 3",0.23,0.395575615580051,43,0,"KIRP 
 (n=43)"
"214","KIRP","SBS15","Signature 3",0,1,1,NA,"KIRP 
 (n=1)"
"215","KIRP","SBS20","Signature 3",0,1,0,NA,"KIRP 
 (n=0)"
"216","KIRP","SBS44","Signature 3",0,1,0,NA,"KIRP 
 (n=0)"
"217","KIRP","SBS1","Signature 4",0.03,0.917053259557773,77,0,"KIRP 
 (n=77)"
"218","KIRP","SBS2","Signature 4",0.28,0.395575615580051,50,0,"KIRP 
 (n=50)"
"219","KIRP","SBS3","Signature 4",0,0.395575615580051,5,0,"KIRP 
 (n=5)"
"220","KIRP","SBS4","Signature 4",0,1,0,NA,"KIRP 
 (n=0)"
"221","KIRP","SBS13","Signature 4",0.1,0.688133966548215,49,0,"KIRP 
 (n=49)"
"222","KIRP","SBS15","Signature 4",0,1,1,NA,"KIRP 
 (n=1)"
"223","KIRP","SBS20","Signature 4",0,1,1,NA,"KIRP 
 (n=1)"
"224","KIRP","SBS44","Signature 4",0,1,0,NA,"KIRP 
 (n=0)"
"225","LIHC","SBS1","Signature 1",-0.04,0.765118774651938,98,0,"LIHC 
 (n=98)"
"226","LIHC","SBS2","Signature 1",0,1,1,NA,"LIHC 
 (n=1)"
"227","LIHC","SBS3","Signature 1",0,1,0,NA,"LIHC 
 (n=0)"
"228","LIHC","SBS4","Signature 1",0,1,0,NA,"LIHC 
 (n=0)"
"229","LIHC","SBS13","Signature 1",0,1,0,NA,"LIHC 
 (n=0)"
"230","LIHC","SBS15","Signature 1",0,0,3,1,"LIHC 
 (n=3)"
"231","LIHC","SBS20","Signature 1",0,1,0,NA,"LIHC 
 (n=0)"
"232","LIHC","SBS44","Signature 1",0,1,0,NA,"LIHC 
 (n=0)"
"233","LIHC","SBS1","Signature 2",0.07,0.742434489648244,100,0,"LIHC 
 (n=100)"
"234","LIHC","SBS2","Signature 2",0,1,1,NA,"LIHC 
 (n=1)"
"235","LIHC","SBS3","Signature 2",0,1,0,NA,"LIHC 
 (n=0)"
"236","LIHC","SBS4","Signature 2",0,1,0,NA,"LIHC 
 (n=0)"
"237","LIHC","SBS13","Signature 2",0,1,0,NA,"LIHC 
 (n=0)"
"238","LIHC","SBS15","Signature 2",0,0,3,1,"LIHC 
 (n=3)"
"239","LIHC","SBS20","Signature 2",0,1,0,NA,"LIHC 
 (n=0)"
"240","LIHC","SBS44","Signature 2",0,1,0,NA,"LIHC 
 (n=0)"
"241","LIHC","SBS1","Signature 3",0.13,0.401770019859591,108,0,"LIHC 
 (n=108)"
"242","LIHC","SBS2","Signature 3",0,1,1,NA,"LIHC 
 (n=1)"
"243","LIHC","SBS3","Signature 3",0,1,0,NA,"LIHC 
 (n=0)"
"244","LIHC","SBS4","Signature 3",0,1,0,NA,"LIHC 
 (n=0)"
"245","LIHC","SBS13","Signature 3",0,1,0,NA,"LIHC 
 (n=0)"
"246","LIHC","SBS15","Signature 3",0,1,4,0,"LIHC 
 (n=4)"
"247","LIHC","SBS20","Signature 3",0,1,0,NA,"LIHC 
 (n=0)"
"248","LIHC","SBS44","Signature 3",0,1,0,NA,"LIHC 
 (n=0)"
"249","LIHC","SBS1","Signature 4",0.12,0.401770019859591,125,0,"LIHC 
 (n=125)"
"250","LIHC","SBS2","Signature 4",0,1,1,NA,"LIHC 
 (n=1)"
"251","LIHC","SBS3","Signature 4",0,1,0,NA,"LIHC 
 (n=0)"
"252","LIHC","SBS4","Signature 4",0,1,0,NA,"LIHC 
 (n=0)"
"253","LIHC","SBS13","Signature 4",0,1,0,NA,"LIHC 
 (n=0)"
"254","LIHC","SBS15","Signature 4",0,0.765118774651938,4,0,"LIHC 
 (n=4)"
"255","LIHC","SBS20","Signature 4",0,1,0,NA,"LIHC 
 (n=0)"
"256","LIHC","SBS44","Signature 4",0,1,0,NA,"LIHC 
 (n=0)"
"257","LUAD","SBS1","Signature 1",-0.07,0.596220087057092,103,0,"LUAD 
 (n=103)"
"258","LUAD","SBS2","Signature 1",0.18,0.190148621778913,80,0,"LUAD 
 (n=80)"
"259","LUAD","SBS3","Signature 1",0,1,0,NA,"LUAD 
 (n=0)"
"260","LUAD","SBS4","Signature 1",0.08,0.709357542045064,41,0,"LUAD 
 (n=41)"
"261","LUAD","SBS13","Signature 1",0.34,0.00438319727265385,76,1,"LUAD 
 (n=76)"
"262","LUAD","SBS15","Signature 1",0,1,2,NA,"LUAD 
 (n=2)"
"263","LUAD","SBS20","Signature 1",0,1,0,NA,"LUAD 
 (n=0)"
"264","LUAD","SBS44","Signature 1",0,1,0,NA,"LUAD 
 (n=0)"
"265","LUAD","SBS1","Signature 2",-0.01,0.999061950813376,161,0,"LUAD 
 (n=161)"
"266","LUAD","SBS2","Signature 2",0.31,0.000494187599019562,133,1,"LUAD 
 (n=133)"
"267","LUAD","SBS3","Signature 2",0,1,1,NA,"LUAD 
 (n=1)"
"268","LUAD","SBS4","Signature 2",0.34,0.00407678201359173,77,1,"LUAD 
 (n=77)"
"269","LUAD","SBS13","Signature 2",0.41,3.01173404286135e-06,132,1,"LUAD 
 (n=132)"
"270","LUAD","SBS15","Signature 2",0,1,5,0,"LUAD 
 (n=5)"
"271","LUAD","SBS20","Signature 2",0,1,0,NA,"LUAD 
 (n=0)"
"272","LUAD","SBS44","Signature 2",0,1,0,NA,"LUAD 
 (n=0)"
"273","LUAD","SBS1","Signature 3",0.05,0.596220087057092,197,0,"LUAD 
 (n=197)"
"274","LUAD","SBS2","Signature 3",0.54,2.53584500260669e-12,148,1,"LUAD 
 (n=148)"
"275","LUAD","SBS3","Signature 3",0,1,1,NA,"LUAD 
 (n=1)"
"276","LUAD","SBS4","Signature 3",0.69,6.02781801560659e-15,103,1,"LUAD 
 (n=103)"
"277","LUAD","SBS13","Signature 3",0.58,6.26952828772418e-14,145,1,"LUAD 
 (n=145)"
"278","LUAD","SBS15","Signature 3",0,0.579502130522539,6,0,"LUAD 
 (n=6)"
"279","LUAD","SBS20","Signature 3",0,1,0,NA,"LUAD 
 (n=0)"
"280","LUAD","SBS44","Signature 3",0,1,0,NA,"LUAD 
 (n=0)"
"281","LUAD","SBS1","Signature 4",0.03,0.709357542045064,196,0,"LUAD 
 (n=196)"
"282","LUAD","SBS2","Signature 4",0.62,9.22701361477521e-16,145,1,"LUAD 
 (n=145)"
"283","LUAD","SBS3","Signature 4",0,1,1,NA,"LUAD 
 (n=1)"
"284","LUAD","SBS4","Signature 4",0.84,2.08655298585865e-27,103,1,"LUAD 
 (n=103)"
"285","LUAD","SBS13","Signature 4",0.59,3.06149586287104e-14,142,1,"LUAD 
 (n=142)"
"286","LUAD","SBS15","Signature 4",0,0,4,1,"LUAD 
 (n=4)"
"287","LUAD","SBS20","Signature 4",0,1,0,NA,"LUAD 
 (n=0)"
"288","LUAD","SBS44","Signature 4",0,1,0,NA,"LUAD 
 (n=0)"
"289","LUSC","SBS1","Signature 1",0.19,0.190544776111763,78,0,"LUSC 
 (n=78)"
"290","LUSC","SBS2","Signature 1",0.14,0.291357348724354,81,0,"LUSC 
 (n=81)"
"291","LUSC","SBS3","Signature 1",0,1,0,NA,"LUSC 
 (n=0)"
"292","LUSC","SBS4","Signature 1",0,0.291357348724354,29,0,"LUSC 
 (n=29)"
"293","LUSC","SBS13","Signature 1",0.11,0.389438054005812,83,0,"LUSC 
 (n=83)"
"294","LUSC","SBS15","Signature 1",0,0.291357348724354,5,0,"LUSC 
 (n=5)"
"295","LUSC","SBS20","Signature 1",0,1,0,NA,"LUSC 
 (n=0)"
"296","LUSC","SBS44","Signature 1",0,1,0,NA,"LUSC 
 (n=0)"
"297","LUSC","SBS1","Signature 2",0.08,0.456505246006507,109,0,"LUSC 
 (n=109)"
"298","LUSC","SBS2","Signature 2",0.21,0.0809154429580053,110,0,"LUSC 
 (n=110)"
"299","LUSC","SBS3","Signature 2",0,1,0,NA,"LUSC 
 (n=0)"
"300","LUSC","SBS4","Signature 2",0.19,0.291357348724354,43,0,"LUSC 
 (n=43)"
"301","LUSC","SBS13","Signature 2",0.17,0.169839407196159,112,0,"LUSC 
 (n=112)"
"302","LUSC","SBS15","Signature 2",0,0.177174010627088,5,0,"LUSC 
 (n=5)"
"303","LUSC","SBS20","Signature 2",0,1,0,NA,"LUSC 
 (n=0)"
"304","LUSC","SBS44","Signature 2",0,1,0,NA,"LUSC 
 (n=0)"
"305","LUSC","SBS1","Signature 3",0.06,0.550628897185359,132,0,"LUSC 
 (n=132)"
"306","LUSC","SBS2","Signature 3",0.42,1.18412109322358e-06,142,1,"LUSC 
 (n=142)"
"307","LUSC","SBS3","Signature 3",0,1,1,NA,"LUSC 
 (n=1)"
"308","LUSC","SBS4","Signature 3",0.41,0.00550364979672663,57,1,"LUSC 
 (n=57)"
"309","LUSC","SBS13","Signature 3",0.5,1.62395228678589e-09,145,1,"LUSC 
 (n=145)"
"310","LUSC","SBS15","Signature 3",0,0.291357348724354,7,0,"LUSC 
 (n=7)"
"311","LUSC","SBS20","Signature 3",0,1,0,NA,"LUSC 
 (n=0)"
"312","LUSC","SBS44","Signature 3",0,1,0,NA,"LUSC 
 (n=0)"
"313","LUSC","SBS1","Signature 4",0.18,0.099959669119211,134,0,"LUSC 
 (n=134)"
"314","LUSC","SBS2","Signature 4",0.34,0.000135202674770246,145,1,"LUSC 
 (n=145)"
"315","LUSC","SBS3","Signature 4",0,1,1,NA,"LUSC 
 (n=1)"
"316","LUSC","SBS4","Signature 4",0.75,1.62737023537419e-10,59,1,"LUSC 
 (n=59)"
"317","LUSC","SBS13","Signature 4",0.37,1.74369121567584e-05,149,1,"LUSC 
 (n=149)"
"318","LUSC","SBS15","Signature 4",0,0.63518496123841,7,0,"LUSC 
 (n=7)"
"319","LUSC","SBS20","Signature 4",0,1,0,NA,"LUSC 
 (n=0)"
"320","LUSC","SBS44","Signature 4",0,1,0,NA,"LUSC 
 (n=0)"
"321","OV","SBS1","Signature 1",0.11,0.244860613553907,231,0,"OV 
 (n=231)"
"322","OV","SBS2","Signature 1",0,0.0286082152787234,28,1,"OV 
 (n=28)"
"323","OV","SBS3","Signature 1",0,0.280986057150762,27,0,"OV 
 (n=27)"
"324","OV","SBS4","Signature 1",0,0.698412698412698,4,0,"OV 
 (n=4)"
"325","OV","SBS13","Signature 1",0,0.612178792585042,29,0,"OV 
 (n=29)"
"326","OV","SBS15","Signature 1",0,1,2,NA,"OV 
 (n=2)"
"327","OV","SBS20","Signature 1",0,1,0,NA,"OV 
 (n=0)"
"328","OV","SBS44","Signature 1",0,1,0,NA,"OV 
 (n=0)"
"329","OV","SBS1","Signature 2",0.26,0.000496364776550226,215,1,"OV 
 (n=215)"
"330","OV","SBS2","Signature 2",0,0.00101702236714959,25,1,"OV 
 (n=25)"
"331","OV","SBS3","Signature 2",0,0.00339247849546234,23,1,"OV 
 (n=23)"
"332","OV","SBS4","Signature 2",0,0.698412698412698,3,0,"OV 
 (n=3)"
"333","OV","SBS13","Signature 2",0,0.311882680705911,26,0,"OV 
 (n=26)"
"334","OV","SBS15","Signature 2",0,1,1,NA,"OV 
 (n=1)"
"335","OV","SBS20","Signature 2",0,1,0,NA,"OV 
 (n=0)"
"336","OV","SBS44","Signature 2",0,1,0,NA,"OV 
 (n=0)"
"337","OV","SBS1","Signature 3",0.37,1.1703166808541e-07,223,1,"OV 
 (n=223)"
"338","OV","SBS2","Signature 3",0,0.244860613553907,27,0,"OV 
 (n=27)"
"339","OV","SBS3","Signature 3",0,0.000165146526023837,27,1,"OV 
 (n=27)"
"340","OV","SBS4","Signature 3",0,0,3,1,"OV 
 (n=3)"
"341","OV","SBS13","Signature 3",0,0.571994022590349,28,0,"OV 
 (n=28)"
"342","OV","SBS15","Signature 3",0,0.698412698412698,3,0,"OV 
 (n=3)"
"343","OV","SBS20","Signature 3",0,1,0,NA,"OV 
 (n=0)"
"344","OV","SBS44","Signature 3",0,1,0,NA,"OV 
 (n=0)"
"345","OV","SBS1","Signature 4",0.09,0.282040616198971,229,0,"OV 
 (n=229)"
"346","OV","SBS2","Signature 4",0,0.852367072994665,24,0,"OV 
 (n=24)"
"347","OV","SBS3","Signature 4",0,0.00860977959881777,26,1,"OV 
 (n=26)"
"348","OV","SBS4","Signature 4",0,0.698412698412698,4,0,"OV 
 (n=4)"
"349","OV","SBS13","Signature 4",0,0.698412698412698,25,0,"OV 
 (n=25)"
"350","OV","SBS15","Signature 4",0,0.698412698412698,3,0,"OV 
 (n=3)"
"351","OV","SBS20","Signature 4",0,1,0,NA,"OV 
 (n=0)"
"352","OV","SBS44","Signature 4",0,1,0,NA,"OV 
 (n=0)"
"353","PAAD","SBS1","Signature 1",0.03,0.853333333333333,101,0,"PAAD 
 (n=101)"
"354","PAAD","SBS2","Signature 1",0,0.416,6,0,"PAAD 
 (n=6)"
"355","PAAD","SBS3","Signature 1",0,1,1,NA,"PAAD 
 (n=1)"
"356","PAAD","SBS4","Signature 1",0,1,0,NA,"PAAD 
 (n=0)"
"357","PAAD","SBS13","Signature 1",0,0.672842100624921,5,0,"PAAD 
 (n=5)"
"358","PAAD","SBS15","Signature 1",0,0.416,6,0,"PAAD 
 (n=6)"
"359","PAAD","SBS20","Signature 1",0,1,0,NA,"PAAD 
 (n=0)"
"360","PAAD","SBS44","Signature 1",0,1,0,NA,"PAAD 
 (n=0)"
"361","PAAD","SBS1","Signature 2",0.29,0.0712484609241509,70,0,"PAAD 
 (n=70)"
"362","PAAD","SBS2","Signature 2",0,0.853333333333333,4,0,"PAAD 
 (n=4)"
"363","PAAD","SBS3","Signature 2",0,1,0,NA,"PAAD 
 (n=0)"
"364","PAAD","SBS4","Signature 2",0,1,0,NA,"PAAD 
 (n=0)"
"365","PAAD","SBS13","Signature 2",0,0,4,1,"PAAD 
 (n=4)"
"366","PAAD","SBS15","Signature 2",0,0,3,1,"PAAD 
 (n=3)"
"367","PAAD","SBS20","Signature 2",0,1,0,NA,"PAAD 
 (n=0)"
"368","PAAD","SBS44","Signature 2",0,1,0,NA,"PAAD 
 (n=0)"
"369","PAAD","SBS1","Signature 3",0.23,0.106619478185552,94,0,"PAAD 
 (n=94)"
"370","PAAD","SBS2","Signature 3",0,0.853333333333333,7,0,"PAAD 
 (n=7)"
"371","PAAD","SBS3","Signature 3",0,1,1,NA,"PAAD 
 (n=1)"
"372","PAAD","SBS4","Signature 3",0,1,0,NA,"PAAD 
 (n=0)"
"373","PAAD","SBS13","Signature 3",0,0.300000812671461,7,0,"PAAD 
 (n=7)"
"374","PAAD","SBS15","Signature 3",0,0.872888571569538,5,0,"PAAD 
 (n=5)"
"375","PAAD","SBS20","Signature 3",0,1,0,NA,"PAAD 
 (n=0)"
"376","PAAD","SBS44","Signature 3",0,1,0,NA,"PAAD 
 (n=0)"
"377","PAAD","SBS1","Signature 4",0.1,0.584462161936219,100,0,"PAAD 
 (n=100)"
"378","PAAD","SBS2","Signature 4",0,0.672842100624921,7,0,"PAAD 
 (n=7)"
"379","PAAD","SBS3","Signature 4",0,1,1,NA,"PAAD 
 (n=1)"
"380","PAAD","SBS4","Signature 4",0,1,0,NA,"PAAD 
 (n=0)"
"381","PAAD","SBS13","Signature 4",0,0.672842100624921,7,0,"PAAD 
 (n=7)"
"382","PAAD","SBS15","Signature 4",0,0.416,5,0,"PAAD 
 (n=5)"
"383","PAAD","SBS20","Signature 4",0,1,0,NA,"PAAD 
 (n=0)"
"384","PAAD","SBS44","Signature 4",0,1,0,NA,"PAAD 
 (n=0)"
"385","PRAD","SBS1","Signature 1",0.16,0.136287755081845,175,0,"PRAD 
 (n=175)"
"386","PRAD","SBS2","Signature 1",0,0.741801110252839,4,0,"PRAD 
 (n=4)"
"387","PRAD","SBS3","Signature 1",0,1,0,NA,"PRAD 
 (n=0)"
"388","PRAD","SBS4","Signature 1",0,1,0,NA,"PRAD 
 (n=0)"
"389","PRAD","SBS13","Signature 1",0,0,3,1,"PRAD 
 (n=3)"
"390","PRAD","SBS15","Signature 1",0,0.480651434616169,12,0,"PRAD 
 (n=12)"
"391","PRAD","SBS20","Signature 1",0,1,0,NA,"PRAD 
 (n=0)"
"392","PRAD","SBS44","Signature 1",0,1,0,NA,"PRAD 
 (n=0)"
"393","PRAD","SBS1","Signature 2",0.14,0.136287755081845,244,0,"PRAD 
 (n=244)"
"394","PRAD","SBS2","Signature 2",0,0.480651434616169,5,0,"PRAD 
 (n=5)"
"395","PRAD","SBS3","Signature 2",0,1,0,NA,"PRAD 
 (n=0)"
"396","PRAD","SBS4","Signature 2",0,1,0,NA,"PRAD 
 (n=0)"
"397","PRAD","SBS13","Signature 2",0,0.711111111111111,4,0,"PRAD 
 (n=4)"
"398","PRAD","SBS15","Signature 2",0,0.711111111111111,19,0,"PRAD 
 (n=19)"
"399","PRAD","SBS20","Signature 2",0,1,0,NA,"PRAD 
 (n=0)"
"400","PRAD","SBS44","Signature 2",0,1,0,NA,"PRAD 
 (n=0)"
"401","PRAD","SBS1","Signature 3",0.08,0.480651434616169,245,0,"PRAD 
 (n=245)"
"402","PRAD","SBS2","Signature 3",0,0.711111111111111,3,0,"PRAD 
 (n=3)"
"403","PRAD","SBS3","Signature 3",0,1,0,NA,"PRAD 
 (n=0)"
"404","PRAD","SBS4","Signature 3",0,1,0,NA,"PRAD 
 (n=0)"
"405","PRAD","SBS13","Signature 3",0,0.711111111111111,4,0,"PRAD 
 (n=4)"
"406","PRAD","SBS15","Signature 3",0,0.480651434616169,18,0,"PRAD 
 (n=18)"
"407","PRAD","SBS20","Signature 3",0,1,0,NA,"PRAD 
 (n=0)"
"408","PRAD","SBS44","Signature 3",0,1,0,NA,"PRAD 
 (n=0)"
"409","PRAD","SBS1","Signature 4",0.21,0.00701566464012818,250,1,"PRAD 
 (n=250)"
"410","PRAD","SBS2","Signature 4",0,0.711111111111111,5,0,"PRAD 
 (n=5)"
"411","PRAD","SBS3","Signature 4",0,1,0,NA,"PRAD 
 (n=0)"
"412","PRAD","SBS4","Signature 4",0,1,0,NA,"PRAD 
 (n=0)"
"413","PRAD","SBS13","Signature 4",0,0.711111111111111,5,0,"PRAD 
 (n=5)"
"414","PRAD","SBS15","Signature 4",0,0.711111111111111,20,0,"PRAD 
 (n=20)"
"415","PRAD","SBS20","Signature 4",0,1,0,NA,"PRAD 
 (n=0)"
"416","PRAD","SBS44","Signature 4",0,1,0,NA,"PRAD 
 (n=0)"
"417","SKCM","SBS1","Signature 1",-0.13,0.507032760231321,79,0,"SKCM 
 (n=79)"
"418","SKCM","SBS2","Signature 1",0,0.666666666666667,3,0,"SKCM 
 (n=3)"
"419","SKCM","SBS3","Signature 1",0,1,0,NA,"SKCM 
 (n=0)"
"420","SKCM","SBS4","Signature 1",0,1,0,NA,"SKCM 
 (n=0)"
"421","SKCM","SBS13","Signature 1",0,0.666666666666667,3,0,"SKCM 
 (n=3)"
"422","SKCM","SBS15","Signature 1",0,1,2,NA,"SKCM 
 (n=2)"
"423","SKCM","SBS20","Signature 1",0,1,0,NA,"SKCM 
 (n=0)"
"424","SKCM","SBS44","Signature 1",0,1,0,NA,"SKCM 
 (n=0)"
"425","SKCM","SBS1","Signature 2",0.13,0.507032760231321,88,0,"SKCM 
 (n=88)"
"426","SKCM","SBS2","Signature 2",0,0.666666666666667,3,0,"SKCM 
 (n=3)"
"427","SKCM","SBS3","Signature 2",0,1,0,NA,"SKCM 
 (n=0)"
"428","SKCM","SBS4","Signature 2",0,1,0,NA,"SKCM 
 (n=0)"
"429","SKCM","SBS13","Signature 2",0,0.666666666666667,3,0,"SKCM 
 (n=3)"
"430","SKCM","SBS15","Signature 2",0,1,2,NA,"SKCM 
 (n=2)"
"431","SKCM","SBS20","Signature 2",0,1,0,NA,"SKCM 
 (n=0)"
"432","SKCM","SBS44","Signature 2",0,1,0,NA,"SKCM 
 (n=0)"
"433","SKCM","SBS1","Signature 3",0.35,0.000583027086725069,126,1,"SKCM 
 (n=126)"
"434","SKCM","SBS2","Signature 3",0,0.507032760231321,4,0,"SKCM 
 (n=4)"
"435","SKCM","SBS3","Signature 3",0,1,0,NA,"SKCM 
 (n=0)"
"436","SKCM","SBS4","Signature 3",0,1,0,NA,"SKCM 
 (n=0)"
"437","SKCM","SBS13","Signature 3",0,0.666666666666667,4,0,"SKCM 
 (n=4)"
"438","SKCM","SBS15","Signature 3",0,1,1,NA,"SKCM 
 (n=1)"
"439","SKCM","SBS20","Signature 3",0,1,0,NA,"SKCM 
 (n=0)"
"440","SKCM","SBS44","Signature 3",0,1,0,NA,"SKCM 
 (n=0)"
"441","SKCM","SBS1","Signature 4",0.3,0.00176532347363959,137,1,"SKCM 
 (n=137)"
"442","SKCM","SBS2","Signature 4",0,0.666666666666667,4,0,"SKCM 
 (n=4)"
"443","SKCM","SBS3","Signature 4",0,1,0,NA,"SKCM 
 (n=0)"
"444","SKCM","SBS4","Signature 4",0,1,0,NA,"SKCM 
 (n=0)"
"445","SKCM","SBS13","Signature 4",0,0.507032760231321,4,0,"SKCM 
 (n=4)"
"446","SKCM","SBS15","Signature 4",0,1,2,NA,"SKCM 
 (n=2)"
"447","SKCM","SBS20","Signature 4",0,1,0,NA,"SKCM 
 (n=0)"
"448","SKCM","SBS44","Signature 4",0,1,0,NA,"SKCM 
 (n=0)"
"449","STAD","SBS1","Signature 1",0.29,0.00183090995452052,134,1,"STAD 
 (n=134)"
"450","STAD","SBS2","Signature 1",-0.04,0.787894151058252,39,0,"STAD 
 (n=39)"
"451","STAD","SBS3","Signature 1",0,1,0,NA,"STAD 
 (n=0)"
"452","STAD","SBS4","Signature 1",0,1,0,NA,"STAD 
 (n=0)"
"453","STAD","SBS13","Signature 1",0,0.692546880827092,24,0,"STAD 
 (n=24)"
"454","STAD","SBS15","Signature 1",0,0.406225862874987,22,0,"STAD 
 (n=22)"
"455","STAD","SBS20","Signature 1",0,0.250985251027697,21,0,"STAD 
 (n=21)"
"456","STAD","SBS44","Signature 1",0,1,0,NA,"STAD 
 (n=0)"
"457","STAD","SBS1","Signature 2",0.48,4.18642584962023e-11,184,1,"STAD 
 (n=184)"
"458","STAD","SBS2","Signature 2",0.27,0.0635111145551202,56,0,"STAD 
 (n=56)"
"459","STAD","SBS3","Signature 2",0,1,0,NA,"STAD 
 (n=0)"
"460","STAD","SBS4","Signature 2",0,1,0,NA,"STAD 
 (n=0)"
"461","STAD","SBS13","Signature 2",0.42,0.0155609200145701,38,1,"STAD 
 (n=38)"
"462","STAD","SBS15","Signature 2",0,0.250985251027697,25,0,"STAD 
 (n=25)"
"463","STAD","SBS20","Signature 2",0,0.0213990523516254,26,1,"STAD 
 (n=26)"
"464","STAD","SBS44","Signature 2",0,1,0,NA,"STAD 
 (n=0)"
"465","STAD","SBS1","Signature 3",0.64,3.40989346166311e-24,205,1,"STAD 
 (n=205)"
"466","STAD","SBS2","Signature 3",0.24,0.0833010041921912,62,0,"STAD 
 (n=62)"
"467","STAD","SBS3","Signature 3",0,1,0,NA,"STAD 
 (n=0)"
"468","STAD","SBS4","Signature 3",0,1,0,NA,"STAD 
 (n=0)"
"469","STAD","SBS13","Signature 3",0.46,0.0031917077505554,46,1,"STAD 
 (n=46)"
"470","STAD","SBS15","Signature 3",0.36,0.067093228799012,31,0,"STAD 
 (n=31)"
"471","STAD","SBS20","Signature 3",0.65,0.00013563594230559,34,1,"STAD 
 (n=34)"
"472","STAD","SBS44","Signature 3",0,1,0,NA,"STAD 
 (n=0)"
"473","STAD","SBS1","Signature 4",0.68,6.51145199603764e-27,199,1,"STAD 
 (n=199)"
"474","STAD","SBS2","Signature 4",0.42,0.00183090995452052,62,1,"STAD 
 (n=62)"
"475","STAD","SBS3","Signature 4",0,1,0,NA,"STAD 
 (n=0)"
"476","STAD","SBS4","Signature 4",0,1,0,NA,"STAD 
 (n=0)"
"477","STAD","SBS13","Signature 4",0.42,0.00814124180385751,46,1,"STAD 
 (n=46)"
"478","STAD","SBS15","Signature 4",0,0.0031917077505554,29,1,"STAD 
 (n=29)"
"479","STAD","SBS20","Signature 4",0.63,0.000531836021642324,31,1,"STAD 
 (n=31)"
"480","STAD","SBS44","Signature 4",0,1,0,NA,"STAD 
 (n=0)"
"481","UCEC","SBS1","Signature 1",0.64,3.19026323660434e-31,262,1,"UCEC 
 (n=262)"
"482","UCEC","SBS2","Signature 1",0.21,0.166702600387207,49,0,"UCEC 
 (n=49)"
"483","UCEC","SBS3","Signature 1",0,1,0,NA,"UCEC 
 (n=0)"
"484","UCEC","SBS4","Signature 1",0,1,0,NA,"UCEC 
 (n=0)"
"485","UCEC","SBS13","Signature 1",0.01,0.966634786934167,45,0,"UCEC 
 (n=45)"
"486","UCEC","SBS15","Signature 1",0.58,0.000137353175470864,40,1,"UCEC 
 (n=40)"
"487","UCEC","SBS20","Signature 1",0,0,3,1,"UCEC 
 (n=3)"
"488","UCEC","SBS44","Signature 1",0.04,0.887931943801525,30,0,"UCEC 
 (n=30)"
"489","UCEC","SBS1","Signature 2",0.66,1.03557085797297e-30,236,1,"UCEC 
 (n=236)"
"490","UCEC","SBS2","Signature 2",0.41,0.0047163014530104,48,1,"UCEC 
 (n=48)"
"491","UCEC","SBS3","Signature 2",0,1,0,NA,"UCEC 
 (n=0)"
"492","UCEC","SBS4","Signature 2",0,1,0,NA,"UCEC 
 (n=0)"
"493","UCEC","SBS13","Signature 2",0.48,0.000863431653900199,47,1,"UCEC 
 (n=47)"
"494","UCEC","SBS15","Signature 2",0.65,9.03285051930874e-05,32,1,"UCEC 
 (n=32)"
"495","UCEC","SBS20","Signature 2",0,0,3,1,"UCEC 
 (n=3)"
"496","UCEC","SBS44","Signature 2",0,0.00944512821293406,20,1,"UCEC 
 (n=20)"
"497","UCEC","SBS1","Signature 3",0.8,6.64333554837158e-63,280,1,"UCEC 
 (n=280)"
"498","UCEC","SBS2","Signature 3",0.45,0.000521315905871356,58,1,"UCEC 
 (n=58)"
"499","UCEC","SBS3","Signature 3",0,1,0,NA,"UCEC 
 (n=0)"
"500","UCEC","SBS4","Signature 3",0,1,0,NA,"UCEC 
 (n=0)"
"501","UCEC","SBS13","Signature 3",0.57,1.36853886028185e-05,54,1,"UCEC 
 (n=54)"
"502","UCEC","SBS15","Signature 3",0.82,5.09618394192102e-11,43,1,"UCEC 
 (n=43)"
"503","UCEC","SBS20","Signature 3",0,0.727272727272727,3,0,"UCEC 
 (n=3)"
"504","UCEC","SBS44","Signature 3",0.68,2.57551654603709e-05,33,1,"UCEC 
 (n=33)"
"505","UCEC","SBS1","Signature 4",0.74,4.03859219999822e-48,272,1,"UCEC 
 (n=272)"
"506","UCEC","SBS2","Signature 4",0.45,0.000810406367948963,56,1,"UCEC 
 (n=56)"
"507","UCEC","SBS3","Signature 4",0,1,0,NA,"UCEC 
 (n=0)"
"508","UCEC","SBS4","Signature 4",0,1,0,NA,"UCEC 
 (n=0)"
"509","UCEC","SBS13","Signature 4",0.5,0.000159790273414287,56,1,"UCEC 
 (n=56)"
"510","UCEC","SBS15","Signature 4",0.75,2.56864804481737e-07,37,1,"UCEC 
 (n=37)"
"511","UCEC","SBS20","Signature 4",0,0,3,1,"UCEC 
 (n=3)"
"512","UCEC","SBS44","Signature 4",0,2.85040816648793e-06,26,1,"UCEC 
 (n=26)"
"513","All","SBS1","Signature 1",0.18,4.22144903842799e-19,2504,1,"All 
 (n=2504)"
"514","All","SBS2","Signature 1",0.14,9.69418300297306e-05,780,1,"All 
 (n=780)"
"515","All","SBS3","Signature 1",0.12,0.0935421454216043,190,0,"All 
 (n=190)"
"516","All","SBS4","Signature 1",0.07,0.515200801377698,78,0,"All 
 (n=78)"
"517","All","SBS13","Signature 1",0.16,3.40748672208519e-05,721,1,"All 
 (n=721)"
"518","All","SBS15","Signature 1",0.65,1.41962830694983e-17,138,1,"All 
 (n=138)"
"519","All","SBS20","Signature 1",0.56,0.000363012697102825,37,1,"All 
 (n=37)"
"520","All","SBS44","Signature 1",0.17,0.222808211149987,55,0,"All 
 (n=55)"
"521","All","SBS1","Signature 2",0.18,4.70908000425496e-21,2853,1,"All 
 (n=2853)"
"522","All","SBS2","Signature 2",0.28,4.1174119110596e-19,1018,1,"All 
 (n=1018)"
"523","All","SBS3","Signature 2",0.42,1.34200043661685e-10,214,1,"All 
 (n=214)"
"524","All","SBS4","Signature 2",0.32,0.000353254680366869,126,1,"All 
 (n=126)"
"525","All","SBS13","Signature 2",0.32,2.74677089334737e-24,966,1,"All 
 (n=966)"
"526","All","SBS15","Signature 2",0.69,4.45773310900888e-21,140,1,"All 
 (n=140)"
"527","All","SBS20","Signature 2",0.58,9.46560432638603e-05,41,1,"All 
 (n=41)"
"528","All","SBS44","Signature 2",0.57,9.92165800158538e-05,42,1,"All 
 (n=42)"
"529","All","SBS1","Signature 3",0.28,2.46752409285901e-58,3291,1,"All 
 (n=3291)"
"530","All","SBS2","Signature 3",0.54,1.66739146472447e-91,1216,1,"All 
 (n=1216)"
"531","All","SBS3","Signature 3",0.66,3.50022119043512e-32,249,1,"All 
 (n=249)"
"532","All","SBS4","Signature 3",0.61,2.49912734920879e-18,172,1,"All 
 (n=172)"
"533","All","SBS13","Signature 3",0.62,5.43331283332233e-120,1158,1,"All 
 (n=1158)"
"534","All","SBS15","Signature 3",0.88,8.73493604904587e-55,166,1,"All 
 (n=166)"
"535","All","SBS20","Signature 3",0.79,9.19738320617733e-12,50,1,"All 
 (n=50)"
"536","All","SBS44","Signature 3",0.62,5.59031826224097e-07,56,1,"All 
 (n=56)"
"537","All","SBS1","Signature 4",0.3,1.7936583913723e-73,3424,1,"All 
 (n=3424)"
"538","All","SBS2","Signature 4",0.56,2.66599153867466e-103,1243,1,"All 
 (n=1243)"
"539","All","SBS3","Signature 4",0.68,1.69701276291252e-36,265,1,"All 
 (n=265)"
"540","All","SBS4","Signature 4",0.79,5.31589130890474e-38,175,1,"All 
 (n=175)"
"541","All","SBS13","Signature 4",0.6,1.53161369983943e-114,1192,1,"All 
 (n=1192)"
"542","All","SBS15","Signature 4",0.86,5.66631391287076e-49,165,1,"All 
 (n=165)"
"543","All","SBS20","Signature 4",0.81,9.19738320617733e-12,47,1,"All 
 (n=47)"
"544","All","SBS44","Signature 4",0.84,4.07538788084278e-14,50,1,"All 
 (n=50)"
